doc,topic-0,topic-1
AH_1996_007.txt,0.00012582542,0.99987423
AH_1996_009.txt,0.9998187,0.00018136484
AH_1996_008.txt,0.00016558854,0.9998344
AH_1996_006.txt,0.4461707,0.5538293
AH_1996_004.txt,0.99985945,0.00014054304
AH_1996_003.txt,0.00016320148,0.9998368
AH_1996_005.txt,0.00027945658,0.9997205
AH_1996_010.txt,0.00015964742,0.9998403
AH_1996_002.txt,0.00010892648,0.99989104
AH_1996_001.txt,0.36000997,0.6399901