doc,Topic #1,Topic #2
AH_1996_002.txt,9.926811e-05,0.99990076
AH_1996_004.txt,0.00012564451,0.99987435
AH_1996_003.txt,0.9998614,0.00013854432
AH_1996_001.txt,0.109188385,0.8908116