doc,Topic #1,Topic #2
AH_1996_001.txt,0.15576468,0.84423536
AH_1996_007.txt,0.9998725,0.00012752067
AH_1996_006.txt,0.087959066,0.912041
AH_1996_009.txt,0.00016361164,0.9998364
AH_1996_004.txt,0.9998714,0.00012863042
AH_1996_002.txt,0.0001138163,0.9998862
AH_1996_003.txt,0.99986255,0.00013745908
AH_1996_010.txt,0.00014468019,0.99985534
AH_1996_005.txt,0.00030301683,0.99969697
AH_1996_008.txt,0.9998295,0.00017052359