doc,topic-0,topic-1
AH_1996_006.txt,0.0011769764,0.998823
AH_1996_001.txt,0.19491397,0.8050861
AH_1996_002.txt,0.9998862,0.00011374781
AH_1996_004.txt,0.00012281055,0.9998772
AH_1996_003.txt,0.99984056,0.00015945795
AH_1996_005.txt,0.00025939336,0.99974066