doc,Topic #1,Topic #2
AH_1996_005.txt,0.0002928977,0.99970716
AH_1996_002.txt,0.9998951,0.000104896026
AH_1996_004.txt,0.9998684,0.00013165014
AH_1996_001.txt,0.27691194,0.7230881
AH_1996_003.txt,0.00013887428,0.9998612